--------------------------------------------------------
--  Fichier créé - vendredi-février-22-2019   
--------------------------------------------------------
--------------------------------------------------------
--  DDL for Sequence EMPLOYEES_SEQ
--------------------------------------------------------

   CREATE SEQUENCE  "HR"."EMPLOYEES_SEQ"  MINVALUE 1 MAXVALUE 9999999999999999999999999999 INCREMENT BY 1 START WITH 207 NOCACHE  NOORDER  NOCYCLE ;
--------------------------------------------------------
--  DDL for Sequence ID_ARTICLE_SEQ
--------------------------------------------------------

   CREATE SEQUENCE  "HR"."ID_ARTICLE_SEQ"  MINVALUE 1 MAXVALUE 9999999999999999999999999999 INCREMENT BY 1 START WITH 26 CACHE 20 NOORDER  NOCYCLE ;
--------------------------------------------------------
--  DDL for Sequence ID_COMMANDE_SEQ
--------------------------------------------------------

   CREATE SEQUENCE  "HR"."ID_COMMANDE_SEQ"  MINVALUE 1 MAXVALUE 9999999999999999999999999999 INCREMENT BY 1 START WITH 21 CACHE 20 NOORDER  NOCYCLE ;
--------------------------------------------------------
--  DDL for Sequence ID_FOURNISSEUR_SEQ
--------------------------------------------------------

   CREATE SEQUENCE  "HR"."ID_FOURNISSEUR_SEQ"  MINVALUE 1 MAXVALUE 9999999999999999999999999999 INCREMENT BY 1 START WITH 21 CACHE 20 NOORDER  NOCYCLE ;
--------------------------------------------------------
--  DDL for Sequence ID_MENU_SEQ
--------------------------------------------------------

   CREATE SEQUENCE  "HR"."ID_MENU_SEQ"  MINVALUE 1 MAXVALUE 9999999999999999999999999999 INCREMENT BY 1 START WITH 22 CACHE 20 NOORDER  NOCYCLE ;
--------------------------------------------------------
--  DDL for Sequence ID_PERSONNEL_SEQ
--------------------------------------------------------

   CREATE SEQUENCE  "HR"."ID_PERSONNEL_SEQ"  MINVALUE 1 MAXVALUE 9999999999999999999999999999 INCREMENT BY 1 START WITH 21 CACHE 20 NOORDER  NOCYCLE ;
--------------------------------------------------------
--  DDL for Sequence ID_PLAT_SEQ
--------------------------------------------------------

   CREATE SEQUENCE  "HR"."ID_PLAT_SEQ"  MINVALUE 1 MAXVALUE 9999999999999999999999999999 INCREMENT BY 1 START WITH 21 CACHE 20 NOORDER  NOCYCLE ;
--------------------------------------------------------
--  DDL for Sequence ID_REPAS_SEQ
--------------------------------------------------------

   CREATE SEQUENCE  "HR"."ID_REPAS_SEQ"  MINVALUE 1 MAXVALUE 9999999999999999999999999999 INCREMENT BY 1 START WITH 21 CACHE 20 NOORDER  NOCYCLE ;
--------------------------------------------------------
--  DDL for Table ARTICLE
--------------------------------------------------------

  CREATE TABLE "HR"."ARTICLE" 
   (	"ID_ARTICLE" NUMBER, 
	"DESIGNATION_ARTICLE" VARCHAR2(200 BYTE), 
	"UNITE_MESURE_ARTICLE" VARCHAR2(50 BYTE), 
	"PRIX_HORS_TAXE_ARTICLE" FLOAT(126), 
	"QUANTITE_STOCK_ARTICLE" FLOAT(126), 
	"SEUIL_MAX_ARTICLE" FLOAT(126), 
	"SEUIL_MIN_ARTICLE" FLOAT(126), 
	"IMAGE" BLOB
   ) SEGMENT CREATION IMMEDIATE 
  PCTFREE 10 PCTUSED 40 INITRANS 1 MAXTRANS 255 NOCOMPRESS LOGGING
  STORAGE(INITIAL 65536 NEXT 1048576 MINEXTENTS 1 MAXEXTENTS 2147483645
  PCTINCREASE 0 FREELISTS 1 FREELIST GROUPS 1 BUFFER_POOL DEFAULT FLASH_CACHE DEFAULT CELL_FLASH_CACHE DEFAULT)
  TABLESPACE "USERS" 
 LOB ("IMAGE") STORE AS BASICFILE (
  TABLESPACE "USERS" ENABLE STORAGE IN ROW CHUNK 8192 RETENTION 
  NOCACHE LOGGING 
  STORAGE(INITIAL 65536 NEXT 1048576 MINEXTENTS 1 MAXEXTENTS 2147483645
  PCTINCREASE 0 FREELISTS 1 FREELIST GROUPS 1 BUFFER_POOL DEFAULT FLASH_CACHE DEFAULT CELL_FLASH_CACHE DEFAULT)) ;
--------------------------------------------------------
--  DDL for Table ARTICLES_COMMANDES
--------------------------------------------------------

  CREATE TABLE "HR"."ARTICLES_COMMANDES" 
   (	"ID_COMMANDE" NUMBER, 
	"ID_ARTICLE" NUMBER, 
	"QUANTITE_ENTREE" FLOAT(126)
   ) SEGMENT CREATION IMMEDIATE 
  PCTFREE 10 PCTUSED 40 INITRANS 1 MAXTRANS 255 NOCOMPRESS LOGGING
  STORAGE(INITIAL 65536 NEXT 1048576 MINEXTENTS 1 MAXEXTENTS 2147483645
  PCTINCREASE 0 FREELISTS 1 FREELIST GROUPS 1 BUFFER_POOL DEFAULT FLASH_CACHE DEFAULT CELL_FLASH_CACHE DEFAULT)
  TABLESPACE "USERS" ;
--------------------------------------------------------
--  DDL for Table COMMANDE
--------------------------------------------------------

  CREATE TABLE "HR"."COMMANDE" 
   (	"ID_COMMANDE" NUMBER, 
	"DATE_COMMANDE" DATE, 
	"TYPE_REPAS_COMMANDE" VARCHAR2(100 BYTE), 
	"ID_FOURNISSEUR" NUMBER
   ) SEGMENT CREATION IMMEDIATE 
  PCTFREE 10 PCTUSED 40 INITRANS 1 MAXTRANS 255 NOCOMPRESS LOGGING
  STORAGE(INITIAL 65536 NEXT 1048576 MINEXTENTS 1 MAXEXTENTS 2147483645
  PCTINCREASE 0 FREELISTS 1 FREELIST GROUPS 1 BUFFER_POOL DEFAULT FLASH_CACHE DEFAULT CELL_FLASH_CACHE DEFAULT)
  TABLESPACE "USERS" ;
--------------------------------------------------------
--  DDL for Table COMPOSITION
--------------------------------------------------------

  CREATE TABLE "HR"."COMPOSITION" 
   (	"ID_MENU" NUMBER, 
	"ID_PLAT" NUMBER
   ) SEGMENT CREATION IMMEDIATE 
  PCTFREE 10 PCTUSED 40 INITRANS 1 MAXTRANS 255 NOCOMPRESS LOGGING
  STORAGE(INITIAL 65536 NEXT 1048576 MINEXTENTS 1 MAXEXTENTS 2147483645
  PCTINCREASE 0 FREELISTS 1 FREELIST GROUPS 1 BUFFER_POOL DEFAULT FLASH_CACHE DEFAULT CELL_FLASH_CACHE DEFAULT)
  TABLESPACE "USERS" ;
--------------------------------------------------------
--  DDL for Table FOURNISSEUR
--------------------------------------------------------

  CREATE TABLE "HR"."FOURNISSEUR" 
   (	"ID_FOURNISSEUR" NUMBER, 
	"NOM_FOURNISSEUR" VARCHAR2(100 BYTE), 
	"PRENOM_FOURNISSEUR" VARCHAR2(100 BYTE), 
	"NUMERO_TELEPHONE_FOURNISSEUR" VARCHAR2(200 BYTE)
   ) SEGMENT CREATION IMMEDIATE 
  PCTFREE 10 PCTUSED 40 INITRANS 1 MAXTRANS 255 NOCOMPRESS LOGGING
  STORAGE(INITIAL 65536 NEXT 1048576 MINEXTENTS 1 MAXEXTENTS 2147483645
  PCTINCREASE 0 FREELISTS 1 FREELIST GROUPS 1 BUFFER_POOL DEFAULT FLASH_CACHE DEFAULT CELL_FLASH_CACHE DEFAULT)
  TABLESPACE "USERS" ;
--------------------------------------------------------
--  DDL for Table LISTE_ARTICLES_DU_PLAT
--------------------------------------------------------

  CREATE TABLE "HR"."LISTE_ARTICLES_DU_PLAT" 
   (	"ID_PLAT" NUMBER, 
	"ID_ARTICLE" NUMBER, 
	"QUANTITE_ARTICLE_PLAT" FLOAT(126)
   ) SEGMENT CREATION IMMEDIATE 
  PCTFREE 10 PCTUSED 40 INITRANS 1 MAXTRANS 255 NOCOMPRESS LOGGING
  STORAGE(INITIAL 65536 NEXT 1048576 MINEXTENTS 1 MAXEXTENTS 2147483645
  PCTINCREASE 0 FREELISTS 1 FREELIST GROUPS 1 BUFFER_POOL DEFAULT FLASH_CACHE DEFAULT CELL_FLASH_CACHE DEFAULT)
  TABLESPACE "USERS" ;
--------------------------------------------------------
--  DDL for Table MENU
--------------------------------------------------------

  CREATE TABLE "HR"."MENU" 
   (	"ID_MENU" NUMBER, 
	"JOUR_MENU" VARCHAR2(50 BYTE), 
	"TYPE_REPAS_MENU" VARCHAR2(50 BYTE)
   ) SEGMENT CREATION IMMEDIATE 
  PCTFREE 10 PCTUSED 40 INITRANS 1 MAXTRANS 255 NOCOMPRESS LOGGING
  STORAGE(INITIAL 65536 NEXT 1048576 MINEXTENTS 1 MAXEXTENTS 2147483645
  PCTINCREASE 0 FREELISTS 1 FREELIST GROUPS 1 BUFFER_POOL DEFAULT FLASH_CACHE DEFAULT CELL_FLASH_CACHE DEFAULT)
  TABLESPACE "USERS" ;
--------------------------------------------------------
--  DDL for Table PERSONNEL
--------------------------------------------------------

  CREATE TABLE "HR"."PERSONNEL" 
   (	"ID_PERSONNEL" NUMBER, 
	"PSEUDO" VARCHAR2(300 BYTE), 
	"PASSWORD" VARCHAR2(300 BYTE), 
	"TYPE_PERSONNEL" VARCHAR2(100 BYTE)
   ) SEGMENT CREATION IMMEDIATE 
  PCTFREE 10 PCTUSED 40 INITRANS 1 MAXTRANS 255 NOCOMPRESS LOGGING
  STORAGE(INITIAL 65536 NEXT 1048576 MINEXTENTS 1 MAXEXTENTS 2147483645
  PCTINCREASE 0 FREELISTS 1 FREELIST GROUPS 1 BUFFER_POOL DEFAULT FLASH_CACHE DEFAULT CELL_FLASH_CACHE DEFAULT)
  TABLESPACE "USERS" ;
--------------------------------------------------------
--  DDL for Table PLAT
--------------------------------------------------------

  CREATE TABLE "HR"."PLAT" 
   (	"ID_PLAT" NUMBER, 
	"NOM_PLAT" VARCHAR2(100 BYTE)
   ) SEGMENT CREATION IMMEDIATE 
  PCTFREE 10 PCTUSED 40 INITRANS 1 MAXTRANS 255 NOCOMPRESS LOGGING
  STORAGE(INITIAL 65536 NEXT 1048576 MINEXTENTS 1 MAXEXTENTS 2147483645
  PCTINCREASE 0 FREELISTS 1 FREELIST GROUPS 1 BUFFER_POOL DEFAULT FLASH_CACHE DEFAULT CELL_FLASH_CACHE DEFAULT)
  TABLESPACE "USERS" ;
--------------------------------------------------------
--  DDL for Table REPAS
--------------------------------------------------------

  CREATE TABLE "HR"."REPAS" 
   (	"ID_REPAS" NUMBER, 
	"DATE_REPAS" DATE, 
	"EFFECTIF_PREVU_REPAS_ETUDIANT" NUMBER(*,0), 
	"EFFECTIF_IMPREVU_REPAS" NUMBER(*,0), 
	"ID_MENU" NUMBER, 
	"EFFECTIF_PREVU_REPAS_AGENT" NUMBER, 
	"EFFECTIF_PREVU_REPAS_MAITRE" NUMBER
   ) SEGMENT CREATION IMMEDIATE 
  PCTFREE 10 PCTUSED 40 INITRANS 1 MAXTRANS 255 NOCOMPRESS LOGGING
  STORAGE(INITIAL 65536 NEXT 1048576 MINEXTENTS 1 MAXEXTENTS 2147483645
  PCTINCREASE 0 FREELISTS 1 FREELIST GROUPS 1 BUFFER_POOL DEFAULT FLASH_CACHE DEFAULT CELL_FLASH_CACHE DEFAULT)
  TABLESPACE "USERS" ;
--------------------------------------------------------
--  DDL for View EMP_DETAILS_VIEW
--------------------------------------------------------

  CREATE OR REPLACE FORCE VIEW "HR"."EMP_DETAILS_VIEW" ("EMPLOYEE_ID", "JOB_ID", "MANAGER_ID", "DEPARTMENT_ID", "LOCATION_ID", "COUNTRY_ID", "FIRST_NAME", "LAST_NAME", "SALARY", "COMMISSION_PCT", "DEPARTMENT_NAME", "JOB_TITLE", "CITY", "STATE_PROVINCE", "COUNTRY_NAME", "REGION_NAME") AS 
  SELECT
  e.employee_id,
  e.job_id,
  e.manager_id,
  e.department_id,
  d.location_id,
  l.country_id,
  e.first_name,
  e.last_name,
  e.salary,
  e.commission_pct,
  d.department_name,
  j.job_title,
  l.city,
  l.state_province,
  c.country_name,
  r.region_name
FROM
  employees e,
  departments d,
  jobs j,
  locations l,
  countries c,
  regions r
WHERE e.department_id = d.department_id
  AND d.location_id = l.location_id
  AND l.country_id = c.country_id
  AND c.region_id = r.region_id
  AND j.job_id = e.job_id
WITH READ ONLY
;
REM INSERTING into HR.ARTICLE
SET DEFINE OFF;
Insert into HR.ARTICLE (ID_ARTICLE,DESIGNATION_ARTICLE,UNITE_MESURE_ARTICLE,PRIX_HORS_TAXE_ARTICLE,QUANTITE_STOCK_ARTICLE,SEUIL_MAX_ARTICLE,SEUIL_MIN_ARTICLE) values ('6','Ail','Morceau','3','3','3','44');
Insert into HR.ARTICLE (ID_ARTICLE,DESIGNATION_ARTICLE,UNITE_MESURE_ARTICLE,PRIX_HORS_TAXE_ARTICLE,QUANTITE_STOCK_ARTICLE,SEUIL_MAX_ARTICLE,SEUIL_MIN_ARTICLE) values ('7','dinde','Unité','60','100','50','150');
Insert into HR.ARTICLE (ID_ARTICLE,DESIGNATION_ARTICLE,UNITE_MESURE_ARTICLE,PRIX_HORS_TAXE_ARTICLE,QUANTITE_STOCK_ARTICLE,SEUIL_MAX_ARTICLE,SEUIL_MIN_ARTICLE) values ('8','echalote','Unité','3','30','10','100');
Insert into HR.ARTICLE (ID_ARTICLE,DESIGNATION_ARTICLE,UNITE_MESURE_ARTICLE,PRIX_HORS_TAXE_ARTICLE,QUANTITE_STOCK_ARTICLE,SEUIL_MAX_ARTICLE,SEUIL_MIN_ARTICLE) values ('9','huile_olive','Unité','40','20','5','60');
Insert into HR.ARTICLE (ID_ARTICLE,DESIGNATION_ARTICLE,UNITE_MESURE_ARTICLE,PRIX_HORS_TAXE_ARTICLE,QUANTITE_STOCK_ARTICLE,SEUIL_MAX_ARTICLE,SEUIL_MIN_ARTICLE) values ('10','sucre','Unité','5','30','10','70');
Insert into HR.ARTICLE (ID_ARTICLE,DESIGNATION_ARTICLE,UNITE_MESURE_ARTICLE,PRIX_HORS_TAXE_ARTICLE,QUANTITE_STOCK_ARTICLE,SEUIL_MAX_ARTICLE,SEUIL_MIN_ARTICLE) values ('11','ayoub','Morceau','20','20','5','21');
Insert into HR.ARTICLE (ID_ARTICLE,DESIGNATION_ARTICLE,UNITE_MESURE_ARTICLE,PRIX_HORS_TAXE_ARTICLE,QUANTITE_STOCK_ARTICLE,SEUIL_MAX_ARTICLE,SEUIL_MIN_ARTICLE) values ('12','citrouille','Morceau','20','20','5','25');
Insert into HR.ARTICLE (ID_ARTICLE,DESIGNATION_ARTICLE,UNITE_MESURE_ARTICLE,PRIX_HORS_TAXE_ARTICLE,QUANTITE_STOCK_ARTICLE,SEUIL_MAX_ARTICLE,SEUIL_MIN_ARTICLE) values ('13','kumin','Unité','20','30','10','25');
Insert into HR.ARTICLE (ID_ARTICLE,DESIGNATION_ARTICLE,UNITE_MESURE_ARTICLE,PRIX_HORS_TAXE_ARTICLE,QUANTITE_STOCK_ARTICLE,SEUIL_MAX_ARTICLE,SEUIL_MIN_ARTICLE) values ('14','chou_blanc','Unité','20','30','10','25');
Insert into HR.ARTICLE (ID_ARTICLE,DESIGNATION_ARTICLE,UNITE_MESURE_ARTICLE,PRIX_HORS_TAXE_ARTICLE,QUANTITE_STOCK_ARTICLE,SEUIL_MAX_ARTICLE,SEUIL_MIN_ARTICLE) values ('15','Raisin','Unité','20','30','10','25');
Insert into HR.ARTICLE (ID_ARTICLE,DESIGNATION_ARTICLE,UNITE_MESURE_ARTICLE,PRIX_HORS_TAXE_ARTICLE,QUANTITE_STOCK_ARTICLE,SEUIL_MAX_ARTICLE,SEUIL_MIN_ARTICLE) values ('1','Fromage','morceau','0,5','500','700','200');
Insert into HR.ARTICLE (ID_ARTICLE,DESIGNATION_ARTICLE,UNITE_MESURE_ARTICLE,PRIX_HORS_TAXE_ARTICLE,QUANTITE_STOCK_ARTICLE,SEUIL_MAX_ARTICLE,SEUIL_MIN_ARTICLE) values ('2','Lait','Litre','2,5','250','400','100');
Insert into HR.ARTICLE (ID_ARTICLE,DESIGNATION_ARTICLE,UNITE_MESURE_ARTICLE,PRIX_HORS_TAXE_ARTICLE,QUANTITE_STOCK_ARTICLE,SEUIL_MAX_ARTICLE,SEUIL_MIN_ARTICLE) values ('4','Café','kilogramme','20','20','30','10');
Insert into HR.ARTICLE (ID_ARTICLE,DESIGNATION_ARTICLE,UNITE_MESURE_ARTICLE,PRIX_HORS_TAXE_ARTICLE,QUANTITE_STOCK_ARTICLE,SEUIL_MAX_ARTICLE,SEUIL_MIN_ARTICLE) values ('5','Pain','morceau','1','300','450','150');
REM INSERTING into HR.ARTICLES_COMMANDES
SET DEFINE OFF;
Insert into HR.ARTICLES_COMMANDES (ID_COMMANDE,ID_ARTICLE,QUANTITE_ENTREE) values ('1','1','100');
Insert into HR.ARTICLES_COMMANDES (ID_COMMANDE,ID_ARTICLE,QUANTITE_ENTREE) values ('1','2','20');
Insert into HR.ARTICLES_COMMANDES (ID_COMMANDE,ID_ARTICLE,QUANTITE_ENTREE) values ('1','4','50');
Insert into HR.ARTICLES_COMMANDES (ID_COMMANDE,ID_ARTICLE,QUANTITE_ENTREE) values ('2','1','200');
Insert into HR.ARTICLES_COMMANDES (ID_COMMANDE,ID_ARTICLE,QUANTITE_ENTREE) values ('2','4','30');
Insert into HR.ARTICLES_COMMANDES (ID_COMMANDE,ID_ARTICLE,QUANTITE_ENTREE) values ('3','4','70');
Insert into HR.ARTICLES_COMMANDES (ID_COMMANDE,ID_ARTICLE,QUANTITE_ENTREE) values ('3','2','60');
REM INSERTING into HR.COMMANDE
SET DEFINE OFF;
Insert into HR.COMMANDE (ID_COMMANDE,DATE_COMMANDE,TYPE_REPAS_COMMANDE,ID_FOURNISSEUR) values ('1',to_date('10/09/97','DD/MM/RR'),'petit_dejeuner','1');
Insert into HR.COMMANDE (ID_COMMANDE,DATE_COMMANDE,TYPE_REPAS_COMMANDE,ID_FOURNISSEUR) values ('2',to_date('10/09/97','DD/MM/RR'),'dejeuner','1');
Insert into HR.COMMANDE (ID_COMMANDE,DATE_COMMANDE,TYPE_REPAS_COMMANDE,ID_FOURNISSEUR) values ('3',to_date('10/09/97','DD/MM/RR'),'diner','1');
REM INSERTING into HR.COMPOSITION
SET DEFINE OFF;
Insert into HR.COMPOSITION (ID_MENU,ID_PLAT) values ('1','3');
Insert into HR.COMPOSITION (ID_MENU,ID_PLAT) values ('1','4');
Insert into HR.COMPOSITION (ID_MENU,ID_PLAT) values ('1','5');
Insert into HR.COMPOSITION (ID_MENU,ID_PLAT) values ('1','14');
Insert into HR.COMPOSITION (ID_MENU,ID_PLAT) values ('2','1');
Insert into HR.COMPOSITION (ID_MENU,ID_PLAT) values ('2','3');
Insert into HR.COMPOSITION (ID_MENU,ID_PLAT) values ('2','4');
Insert into HR.COMPOSITION (ID_MENU,ID_PLAT) values ('2','5');
Insert into HR.COMPOSITION (ID_MENU,ID_PLAT) values ('3','3');
Insert into HR.COMPOSITION (ID_MENU,ID_PLAT) values ('3','5');
Insert into HR.COMPOSITION (ID_MENU,ID_PLAT) values ('8','3');
Insert into HR.COMPOSITION (ID_MENU,ID_PLAT) values ('8','5');
Insert into HR.COMPOSITION (ID_MENU,ID_PLAT) values ('10','5');
REM INSERTING into HR.FOURNISSEUR
SET DEFINE OFF;
Insert into HR.FOURNISSEUR (ID_FOURNISSEUR,NOM_FOURNISSEUR,PRENOM_FOURNISSEUR,NUMERO_TELEPHONE_FOURNISSEUR) values ('1','AARABA','ABDALLAH','0627341456');
REM INSERTING into HR.LISTE_ARTICLES_DU_PLAT
SET DEFINE OFF;
Insert into HR.LISTE_ARTICLES_DU_PLAT (ID_PLAT,ID_ARTICLE,QUANTITE_ARTICLE_PLAT) values ('6','1','110,3');
Insert into HR.LISTE_ARTICLES_DU_PLAT (ID_PLAT,ID_ARTICLE,QUANTITE_ARTICLE_PLAT) values ('6','4','12');
Insert into HR.LISTE_ARTICLES_DU_PLAT (ID_PLAT,ID_ARTICLE,QUANTITE_ARTICLE_PLAT) values ('14','2','10');
Insert into HR.LISTE_ARTICLES_DU_PLAT (ID_PLAT,ID_ARTICLE,QUANTITE_ARTICLE_PLAT) values ('3','1','5');
Insert into HR.LISTE_ARTICLES_DU_PLAT (ID_PLAT,ID_ARTICLE,QUANTITE_ARTICLE_PLAT) values ('3','2','122,9');
Insert into HR.LISTE_ARTICLES_DU_PLAT (ID_PLAT,ID_ARTICLE,QUANTITE_ARTICLE_PLAT) values ('4','2','20');
Insert into HR.LISTE_ARTICLES_DU_PLAT (ID_PLAT,ID_ARTICLE,QUANTITE_ARTICLE_PLAT) values ('5','1','7');
Insert into HR.LISTE_ARTICLES_DU_PLAT (ID_PLAT,ID_ARTICLE,QUANTITE_ARTICLE_PLAT) values ('5','4','9');
Insert into HR.LISTE_ARTICLES_DU_PLAT (ID_PLAT,ID_ARTICLE,QUANTITE_ARTICLE_PLAT) values ('5','5','1');
Insert into HR.LISTE_ARTICLES_DU_PLAT (ID_PLAT,ID_ARTICLE,QUANTITE_ARTICLE_PLAT) values ('1','2','110');
Insert into HR.LISTE_ARTICLES_DU_PLAT (ID_PLAT,ID_ARTICLE,QUANTITE_ARTICLE_PLAT) values ('3','4','229');
REM INSERTING into HR.MENU
SET DEFINE OFF;
Insert into HR.MENU (ID_MENU,JOUR_MENU,TYPE_REPAS_MENU) values ('1','lundi','petit_dejeuner');
Insert into HR.MENU (ID_MENU,JOUR_MENU,TYPE_REPAS_MENU) values ('2','mardi','petit_dejeuner');
Insert into HR.MENU (ID_MENU,JOUR_MENU,TYPE_REPAS_MENU) values ('3','mercredi','petit_dejeuner');
Insert into HR.MENU (ID_MENU,JOUR_MENU,TYPE_REPAS_MENU) values ('4','jeudi','petit_dejeuner');
Insert into HR.MENU (ID_MENU,JOUR_MENU,TYPE_REPAS_MENU) values ('5','vendredi','petit_dejeuner');
Insert into HR.MENU (ID_MENU,JOUR_MENU,TYPE_REPAS_MENU) values ('6','samedi','petit_dejeuner');
Insert into HR.MENU (ID_MENU,JOUR_MENU,TYPE_REPAS_MENU) values ('7','dimanche','petit_dejeuner');
Insert into HR.MENU (ID_MENU,JOUR_MENU,TYPE_REPAS_MENU) values ('8','lundi','dejeuner');
Insert into HR.MENU (ID_MENU,JOUR_MENU,TYPE_REPAS_MENU) values ('9','mardi','dejeuner');
Insert into HR.MENU (ID_MENU,JOUR_MENU,TYPE_REPAS_MENU) values ('10','mercredi','dejeuner');
Insert into HR.MENU (ID_MENU,JOUR_MENU,TYPE_REPAS_MENU) values ('11','jeudi','dejeuner');
Insert into HR.MENU (ID_MENU,JOUR_MENU,TYPE_REPAS_MENU) values ('12','vendredi','dejeuner');
Insert into HR.MENU (ID_MENU,JOUR_MENU,TYPE_REPAS_MENU) values ('13','samedi','dejeuner');
Insert into HR.MENU (ID_MENU,JOUR_MENU,TYPE_REPAS_MENU) values ('14','dimanche','dejeuner');
Insert into HR.MENU (ID_MENU,JOUR_MENU,TYPE_REPAS_MENU) values ('15','lundi','diner');
Insert into HR.MENU (ID_MENU,JOUR_MENU,TYPE_REPAS_MENU) values ('16','mardi','diner');
Insert into HR.MENU (ID_MENU,JOUR_MENU,TYPE_REPAS_MENU) values ('17','mercredi','diner');
Insert into HR.MENU (ID_MENU,JOUR_MENU,TYPE_REPAS_MENU) values ('18','jeudi','diner');
Insert into HR.MENU (ID_MENU,JOUR_MENU,TYPE_REPAS_MENU) values ('19','vendredi','diner');
Insert into HR.MENU (ID_MENU,JOUR_MENU,TYPE_REPAS_MENU) values ('20','samedi','diner');
Insert into HR.MENU (ID_MENU,JOUR_MENU,TYPE_REPAS_MENU) values ('21','dimanche','diner');
REM INSERTING into HR.PERSONNEL
SET DEFINE OFF;
Insert into HR.PERSONNEL (ID_PERSONNEL,PSEUDO,PASSWORD,TYPE_PERSONNEL) values ('2','abdo','123','administrateur');
Insert into HR.PERSONNEL (ID_PERSONNEL,PSEUDO,PASSWORD,TYPE_PERSONNEL) values ('1','admin','password','administrateur');
Insert into HR.PERSONNEL (ID_PERSONNEL,PSEUDO,PASSWORD,TYPE_PERSONNEL) values ('3','ayoub','123','magasinier');
Insert into HR.PERSONNEL (ID_PERSONNEL,PSEUDO,PASSWORD,TYPE_PERSONNEL) values ('4','ghita','123','chef_cuisinier');
REM INSERTING into HR.PLAT
SET DEFINE OFF;
Insert into HR.PLAT (ID_PLAT,NOM_PLAT) values ('1','Café crème');
Insert into HR.PLAT (ID_PLAT,NOM_PLAT) values ('3','Raïbi');
Insert into HR.PLAT (ID_PLAT,NOM_PLAT) values ('4','Salade variée');
Insert into HR.PLAT (ID_PLAT,NOM_PLAT) values ('5','Salade_fraicheure');
Insert into HR.PLAT (ID_PLAT,NOM_PLAT) values ('6','frite');
Insert into HR.PLAT (ID_PLAT,NOM_PLAT) values ('7','tajine_poulet');
Insert into HR.PLAT (ID_PLAT,NOM_PLAT) values ('14','ntest');
REM INSERTING into HR.REPAS
SET DEFINE OFF;
Insert into HR.REPAS (ID_REPAS,DATE_REPAS,EFFECTIF_PREVU_REPAS_ETUDIANT,EFFECTIF_IMPREVU_REPAS,ID_MENU,EFFECTIF_PREVU_REPAS_AGENT,EFFECTIF_PREVU_REPAS_MAITRE) values ('2',to_date('10/09/97','DD/MM/RR'),'100','1333','1','11','22');
Insert into HR.REPAS (ID_REPAS,DATE_REPAS,EFFECTIF_PREVU_REPAS_ETUDIANT,EFFECTIF_IMPREVU_REPAS,ID_MENU,EFFECTIF_PREVU_REPAS_AGENT,EFFECTIF_PREVU_REPAS_MAITRE) values ('3',to_date('10/09/97','DD/MM/RR'),'133','33','8','11','22');
Insert into HR.REPAS (ID_REPAS,DATE_REPAS,EFFECTIF_PREVU_REPAS_ETUDIANT,EFFECTIF_IMPREVU_REPAS,ID_MENU,EFFECTIF_PREVU_REPAS_AGENT,EFFECTIF_PREVU_REPAS_MAITRE) values ('12',to_date('04/01/19','DD/MM/RR'),'100',null,'5','60','40');
Insert into HR.REPAS (ID_REPAS,DATE_REPAS,EFFECTIF_PREVU_REPAS_ETUDIANT,EFFECTIF_IMPREVU_REPAS,ID_MENU,EFFECTIF_PREVU_REPAS_AGENT,EFFECTIF_PREVU_REPAS_MAITRE) values ('13',to_date('04/03/19','DD/MM/RR'),'100','0','1','60','40');
Insert into HR.REPAS (ID_REPAS,DATE_REPAS,EFFECTIF_PREVU_REPAS_ETUDIANT,EFFECTIF_IMPREVU_REPAS,ID_MENU,EFFECTIF_PREVU_REPAS_AGENT,EFFECTIF_PREVU_REPAS_MAITRE) values ('1',to_date('10/09/97','DD/MM/RR'),'112','33','15','11','22');
Insert into HR.REPAS (ID_REPAS,DATE_REPAS,EFFECTIF_PREVU_REPAS_ETUDIANT,EFFECTIF_IMPREVU_REPAS,ID_MENU,EFFECTIF_PREVU_REPAS_AGENT,EFFECTIF_PREVU_REPAS_MAITRE) values ('11',to_date('10/09/99','DD/MM/RR'),'112',null,'8','35','22');
--------------------------------------------------------
--  DDL for Index PLAT_UK1
--------------------------------------------------------

  CREATE UNIQUE INDEX "HR"."PLAT_UK1" ON "HR"."PLAT" ("NOM_PLAT") 
  PCTFREE 10 INITRANS 2 MAXTRANS 255 COMPUTE STATISTICS 
  STORAGE(INITIAL 65536 NEXT 1048576 MINEXTENTS 1 MAXEXTENTS 2147483645
  PCTINCREASE 0 FREELISTS 1 FREELIST GROUPS 1 BUFFER_POOL DEFAULT FLASH_CACHE DEFAULT CELL_FLASH_CACHE DEFAULT)
  TABLESPACE "USERS" ;
--------------------------------------------------------
--  DDL for Index FOURNISSEUR_PK
--------------------------------------------------------

  CREATE UNIQUE INDEX "HR"."FOURNISSEUR_PK" ON "HR"."FOURNISSEUR" ("ID_FOURNISSEUR") 
  PCTFREE 10 INITRANS 2 MAXTRANS 255 COMPUTE STATISTICS 
  STORAGE(INITIAL 65536 NEXT 1048576 MINEXTENTS 1 MAXEXTENTS 2147483645
  PCTINCREASE 0 FREELISTS 1 FREELIST GROUPS 1 BUFFER_POOL DEFAULT FLASH_CACHE DEFAULT CELL_FLASH_CACHE DEFAULT)
  TABLESPACE "USERS" ;
--------------------------------------------------------
--  DDL for Index COMMANDE_PK
--------------------------------------------------------

  CREATE UNIQUE INDEX "HR"."COMMANDE_PK" ON "HR"."COMMANDE" ("ID_COMMANDE") 
  PCTFREE 10 INITRANS 2 MAXTRANS 255 COMPUTE STATISTICS 
  STORAGE(INITIAL 65536 NEXT 1048576 MINEXTENTS 1 MAXEXTENTS 2147483645
  PCTINCREASE 0 FREELISTS 1 FREELIST GROUPS 1 BUFFER_POOL DEFAULT FLASH_CACHE DEFAULT CELL_FLASH_CACHE DEFAULT)
  TABLESPACE "USERS" ;
--------------------------------------------------------
--  DDL for Index ARTICLE_UK1
--------------------------------------------------------

  CREATE UNIQUE INDEX "HR"."ARTICLE_UK1" ON "HR"."ARTICLE" ("DESIGNATION_ARTICLE") 
  PCTFREE 10 INITRANS 2 MAXTRANS 255 COMPUTE STATISTICS 
  STORAGE(INITIAL 65536 NEXT 1048576 MINEXTENTS 1 MAXEXTENTS 2147483645
  PCTINCREASE 0 FREELISTS 1 FREELIST GROUPS 1 BUFFER_POOL DEFAULT FLASH_CACHE DEFAULT CELL_FLASH_CACHE DEFAULT)
  TABLESPACE "USERS" ;
--------------------------------------------------------
--  DDL for Index PERSONNEL_PK
--------------------------------------------------------

  CREATE UNIQUE INDEX "HR"."PERSONNEL_PK" ON "HR"."PERSONNEL" ("ID_PERSONNEL") 
  PCTFREE 10 INITRANS 2 MAXTRANS 255 COMPUTE STATISTICS 
  STORAGE(INITIAL 65536 NEXT 1048576 MINEXTENTS 1 MAXEXTENTS 2147483645
  PCTINCREASE 0 FREELISTS 1 FREELIST GROUPS 1 BUFFER_POOL DEFAULT FLASH_CACHE DEFAULT CELL_FLASH_CACHE DEFAULT)
  TABLESPACE "USERS" ;
--------------------------------------------------------
--  DDL for Index MENU_UK1
--------------------------------------------------------

  CREATE UNIQUE INDEX "HR"."MENU_UK1" ON "HR"."MENU" ("JOUR_MENU", "TYPE_REPAS_MENU") 
  PCTFREE 10 INITRANS 2 MAXTRANS 255 COMPUTE STATISTICS 
  STORAGE(INITIAL 65536 NEXT 1048576 MINEXTENTS 1 MAXEXTENTS 2147483645
  PCTINCREASE 0 FREELISTS 1 FREELIST GROUPS 1 BUFFER_POOL DEFAULT FLASH_CACHE DEFAULT CELL_FLASH_CACHE DEFAULT)
  TABLESPACE "USERS" ;
--------------------------------------------------------
--  DDL for Index ARTICLE_PK
--------------------------------------------------------

  CREATE UNIQUE INDEX "HR"."ARTICLE_PK" ON "HR"."ARTICLE" ("ID_ARTICLE") 
  PCTFREE 10 INITRANS 2 MAXTRANS 255 COMPUTE STATISTICS 
  STORAGE(INITIAL 65536 NEXT 1048576 MINEXTENTS 1 MAXEXTENTS 2147483645
  PCTINCREASE 0 FREELISTS 1 FREELIST GROUPS 1 BUFFER_POOL DEFAULT FLASH_CACHE DEFAULT CELL_FLASH_CACHE DEFAULT)
  TABLESPACE "USERS" ;
--------------------------------------------------------
--  DDL for Trigger TRG_ID_ARTICLE
--------------------------------------------------------

  CREATE OR REPLACE TRIGGER "HR"."TRG_ID_ARTICLE" 
before insert on article
for each ROW
BEGIN
    :new.id_article:=id_article_seq.nextval;
end;
/
ALTER TRIGGER "HR"."TRG_ID_ARTICLE" ENABLE;
--------------------------------------------------------
--  DDL for Trigger TRG_ID_COMMANDE
--------------------------------------------------------

  CREATE OR REPLACE TRIGGER "HR"."TRG_ID_COMMANDE" 
before insert on commande
for each ROW
BEGIN
    :new.id_commande:=id_commande_seq.nextval;
end;
/
ALTER TRIGGER "HR"."TRG_ID_COMMANDE" ENABLE;
--------------------------------------------------------
--  DDL for Trigger TRG_ID_FOURNISSEUR
--------------------------------------------------------

  CREATE OR REPLACE TRIGGER "HR"."TRG_ID_FOURNISSEUR" 
before insert on fournisseur
for each ROW
BEGIN
    :new.id_fournisseur:=id_fournisseur_seq.nextval;
end;
/
ALTER TRIGGER "HR"."TRG_ID_FOURNISSEUR" ENABLE;
--------------------------------------------------------
--  DDL for Trigger TRG_ID_MENU
--------------------------------------------------------

  CREATE OR REPLACE TRIGGER "HR"."TRG_ID_MENU" 
before insert on menu
for each ROW
BEGIN
    :new.id_menu:=id_menu_seq.nextval;
end;
/
ALTER TRIGGER "HR"."TRG_ID_MENU" ENABLE;
--------------------------------------------------------
--  DDL for Trigger TRG_ID_PERSONNEL
--------------------------------------------------------

  CREATE OR REPLACE TRIGGER "HR"."TRG_ID_PERSONNEL" 
before insert on personnel
for each ROW
BEGIN
    :new.id_personnel:=id_personnel_seq.nextval;
end;
/
ALTER TRIGGER "HR"."TRG_ID_PERSONNEL" ENABLE;
--------------------------------------------------------
--  DDL for Trigger TRG_ID_PLAT
--------------------------------------------------------

  CREATE OR REPLACE TRIGGER "HR"."TRG_ID_PLAT" 
before insert on plat
for each ROW
BEGIN
    :new.id_plat:=id_plat_seq.nextval;
end;
/
ALTER TRIGGER "HR"."TRG_ID_PLAT" ENABLE;
--------------------------------------------------------
--  DDL for Trigger TRG_ID_REPAS
--------------------------------------------------------

  CREATE OR REPLACE TRIGGER "HR"."TRG_ID_REPAS" 
before insert on repas
for each ROW
BEGIN
    :new.id_repas:=id_repas_seq.nextval;
end;
/
ALTER TRIGGER "HR"."TRG_ID_REPAS" ENABLE;
--------------------------------------------------------
--  DDL for Procedure ADD_JOB_HISTORY
--------------------------------------------------------
set define off;

  CREATE OR REPLACE PROCEDURE "HR"."ADD_JOB_HISTORY" 
  (  p_emp_id          job_history.employee_id%type
   , p_start_date      job_history.start_date%type
   , p_end_date        job_history.end_date%type
   , p_job_id          job_history.job_id%type
   , p_department_id   job_history.department_id%type
   )
IS
BEGIN
  INSERT INTO job_history (employee_id, start_date, end_date,
                           job_id, department_id)
    VALUES(p_emp_id, p_start_date, p_end_date, p_job_id, p_department_id);
END add_job_history;

/
--------------------------------------------------------
--  DDL for Procedure SECURE_DML
--------------------------------------------------------
set define off;

  CREATE OR REPLACE PROCEDURE "HR"."SECURE_DML" 
IS
BEGIN
  IF TO_CHAR (SYSDATE, 'HH24:MI') NOT BETWEEN '08:00' AND '18:00'
        OR TO_CHAR (SYSDATE, 'DY') IN ('SAT', 'SUN') THEN
	RAISE_APPLICATION_ERROR (-20205,
		'You may only make changes during normal office hours');
  END IF;
END secure_dml;

/
--------------------------------------------------------
--  Constraints for Table LISTE_ARTICLES_DU_PLAT
--------------------------------------------------------

  ALTER TABLE "HR"."LISTE_ARTICLES_DU_PLAT" MODIFY ("ID_PLAT" NOT NULL ENABLE);
 
  ALTER TABLE "HR"."LISTE_ARTICLES_DU_PLAT" MODIFY ("ID_ARTICLE" NOT NULL ENABLE);
 
  ALTER TABLE "HR"."LISTE_ARTICLES_DU_PLAT" MODIFY ("QUANTITE_ARTICLE_PLAT" NOT NULL ENABLE);
 
  ALTER TABLE "HR"."LISTE_ARTICLES_DU_PLAT" ADD PRIMARY KEY ("ID_PLAT", "ID_ARTICLE")
  USING INDEX PCTFREE 10 INITRANS 2 MAXTRANS 255 COMPUTE STATISTICS 
  STORAGE(INITIAL 65536 NEXT 1048576 MINEXTENTS 1 MAXEXTENTS 2147483645
  PCTINCREASE 0 FREELISTS 1 FREELIST GROUPS 1 BUFFER_POOL DEFAULT FLASH_CACHE DEFAULT CELL_FLASH_CACHE DEFAULT)
  TABLESPACE "USERS"  ENABLE;
--------------------------------------------------------
--  Constraints for Table ARTICLE
--------------------------------------------------------

  ALTER TABLE "HR"."ARTICLE" ADD CONSTRAINT "ARTICLE_PK" PRIMARY KEY ("ID_ARTICLE")
  USING INDEX PCTFREE 10 INITRANS 2 MAXTRANS 255 COMPUTE STATISTICS 
  STORAGE(INITIAL 65536 NEXT 1048576 MINEXTENTS 1 MAXEXTENTS 2147483645
  PCTINCREASE 0 FREELISTS 1 FREELIST GROUPS 1 BUFFER_POOL DEFAULT FLASH_CACHE DEFAULT CELL_FLASH_CACHE DEFAULT)
  TABLESPACE "USERS"  ENABLE;
 
  ALTER TABLE "HR"."ARTICLE" ADD CONSTRAINT "ARTICLE_UK1" UNIQUE ("DESIGNATION_ARTICLE")
  USING INDEX PCTFREE 10 INITRANS 2 MAXTRANS 255 COMPUTE STATISTICS 
  STORAGE(INITIAL 65536 NEXT 1048576 MINEXTENTS 1 MAXEXTENTS 2147483645
  PCTINCREASE 0 FREELISTS 1 FREELIST GROUPS 1 BUFFER_POOL DEFAULT FLASH_CACHE DEFAULT CELL_FLASH_CACHE DEFAULT)
  TABLESPACE "USERS"  ENABLE;
 
  ALTER TABLE "HR"."ARTICLE" MODIFY ("ID_ARTICLE" NOT NULL ENABLE);
--------------------------------------------------------
--  Constraints for Table FOURNISSEUR
--------------------------------------------------------

  ALTER TABLE "HR"."FOURNISSEUR" ADD CONSTRAINT "FOURNISSEUR_PK" PRIMARY KEY ("ID_FOURNISSEUR")
  USING INDEX PCTFREE 10 INITRANS 2 MAXTRANS 255 COMPUTE STATISTICS 
  STORAGE(INITIAL 65536 NEXT 1048576 MINEXTENTS 1 MAXEXTENTS 2147483645
  PCTINCREASE 0 FREELISTS 1 FREELIST GROUPS 1 BUFFER_POOL DEFAULT FLASH_CACHE DEFAULT CELL_FLASH_CACHE DEFAULT)
  TABLESPACE "USERS"  ENABLE;
 
  ALTER TABLE "HR"."FOURNISSEUR" MODIFY ("ID_FOURNISSEUR" NOT NULL ENABLE);
--------------------------------------------------------
--  Constraints for Table COMPOSITION
--------------------------------------------------------

  ALTER TABLE "HR"."COMPOSITION" MODIFY ("ID_MENU" NOT NULL ENABLE);
 
  ALTER TABLE "HR"."COMPOSITION" MODIFY ("ID_PLAT" NOT NULL ENABLE);
 
  ALTER TABLE "HR"."COMPOSITION" ADD PRIMARY KEY ("ID_MENU", "ID_PLAT")
  USING INDEX PCTFREE 10 INITRANS 2 MAXTRANS 255 COMPUTE STATISTICS 
  STORAGE(INITIAL 65536 NEXT 1048576 MINEXTENTS 1 MAXEXTENTS 2147483645
  PCTINCREASE 0 FREELISTS 1 FREELIST GROUPS 1 BUFFER_POOL DEFAULT FLASH_CACHE DEFAULT CELL_FLASH_CACHE DEFAULT)
  TABLESPACE "USERS"  ENABLE;
--------------------------------------------------------
--  Constraints for Table COMMANDE
--------------------------------------------------------

  ALTER TABLE "HR"."COMMANDE" ADD CONSTRAINT "COMMANDE_CHK1" CHECK (type_repas_commande IN ('petit_dejeuner','dejeuner','diner' )) ENABLE;
 
  ALTER TABLE "HR"."COMMANDE" ADD CONSTRAINT "COMMANDE_PK" PRIMARY KEY ("ID_COMMANDE")
  USING INDEX PCTFREE 10 INITRANS 2 MAXTRANS 255 COMPUTE STATISTICS 
  STORAGE(INITIAL 65536 NEXT 1048576 MINEXTENTS 1 MAXEXTENTS 2147483645
  PCTINCREASE 0 FREELISTS 1 FREELIST GROUPS 1 BUFFER_POOL DEFAULT FLASH_CACHE DEFAULT CELL_FLASH_CACHE DEFAULT)
  TABLESPACE "USERS"  ENABLE;
 
  ALTER TABLE "HR"."COMMANDE" MODIFY ("ID_COMMANDE" NOT NULL ENABLE);
 
  ALTER TABLE "HR"."COMMANDE" MODIFY ("DATE_COMMANDE" NOT NULL ENABLE);
 
  ALTER TABLE "HR"."COMMANDE" MODIFY ("TYPE_REPAS_COMMANDE" NOT NULL ENABLE);
 
  ALTER TABLE "HR"."COMMANDE" MODIFY ("ID_FOURNISSEUR" NOT NULL ENABLE);
--------------------------------------------------------
--  Constraints for Table MENU
--------------------------------------------------------

  ALTER TABLE "HR"."MENU" ADD CONSTRAINT "MENU_UK1" UNIQUE ("JOUR_MENU", "TYPE_REPAS_MENU")
  USING INDEX PCTFREE 10 INITRANS 2 MAXTRANS 255 COMPUTE STATISTICS 
  STORAGE(INITIAL 65536 NEXT 1048576 MINEXTENTS 1 MAXEXTENTS 2147483645
  PCTINCREASE 0 FREELISTS 1 FREELIST GROUPS 1 BUFFER_POOL DEFAULT FLASH_CACHE DEFAULT CELL_FLASH_CACHE DEFAULT)
  TABLESPACE "USERS"  ENABLE;
 
  ALTER TABLE "HR"."MENU" MODIFY ("ID_MENU" NOT NULL ENABLE);
 
  ALTER TABLE "HR"."MENU" ADD CHECK ( jour_menu IN ('lundi','mardi','mercredi','jeudi','vendredi','samedi','dimanche') ) ENABLE;
 
  ALTER TABLE "HR"."MENU" ADD CHECK ( type_repas_menu IN ('petit_dejeuner','dejeuner','diner' ) ) ENABLE;
 
  ALTER TABLE "HR"."MENU" ADD PRIMARY KEY ("ID_MENU")
  USING INDEX PCTFREE 10 INITRANS 2 MAXTRANS 255 COMPUTE STATISTICS 
  STORAGE(INITIAL 65536 NEXT 1048576 MINEXTENTS 1 MAXEXTENTS 2147483645
  PCTINCREASE 0 FREELISTS 1 FREELIST GROUPS 1 BUFFER_POOL DEFAULT FLASH_CACHE DEFAULT CELL_FLASH_CACHE DEFAULT)
  TABLESPACE "USERS"  ENABLE;
 
  ALTER TABLE "HR"."MENU" MODIFY ("JOUR_MENU" NOT NULL ENABLE);
 
  ALTER TABLE "HR"."MENU" MODIFY ("TYPE_REPAS_MENU" NOT NULL ENABLE);
--------------------------------------------------------
--  Constraints for Table PLAT
--------------------------------------------------------

  ALTER TABLE "HR"."PLAT" ADD CONSTRAINT "PLAT_UK1" UNIQUE ("NOM_PLAT")
  USING INDEX PCTFREE 10 INITRANS 2 MAXTRANS 255 COMPUTE STATISTICS 
  STORAGE(INITIAL 65536 NEXT 1048576 MINEXTENTS 1 MAXEXTENTS 2147483645
  PCTINCREASE 0 FREELISTS 1 FREELIST GROUPS 1 BUFFER_POOL DEFAULT FLASH_CACHE DEFAULT CELL_FLASH_CACHE DEFAULT)
  TABLESPACE "USERS"  ENABLE;
 
  ALTER TABLE "HR"."PLAT" MODIFY ("ID_PLAT" NOT NULL ENABLE);
 
  ALTER TABLE "HR"."PLAT" MODIFY ("NOM_PLAT" NOT NULL ENABLE);
 
  ALTER TABLE "HR"."PLAT" ADD PRIMARY KEY ("ID_PLAT")
  USING INDEX PCTFREE 10 INITRANS 2 MAXTRANS 255 COMPUTE STATISTICS 
  STORAGE(INITIAL 65536 NEXT 1048576 MINEXTENTS 1 MAXEXTENTS 2147483645
  PCTINCREASE 0 FREELISTS 1 FREELIST GROUPS 1 BUFFER_POOL DEFAULT FLASH_CACHE DEFAULT CELL_FLASH_CACHE DEFAULT)
  TABLESPACE "USERS"  ENABLE;
--------------------------------------------------------
--  Constraints for Table PERSONNEL
--------------------------------------------------------

  ALTER TABLE "HR"."PERSONNEL" ADD CONSTRAINT "PERSONNEL_CHK1" CHECK (type_personnel in ('chef_cuisinier','magasinier','administrateur')) ENABLE;
 
  ALTER TABLE "HR"."PERSONNEL" ADD CONSTRAINT "PERSONNEL_PK" PRIMARY KEY ("ID_PERSONNEL")
  USING INDEX PCTFREE 10 INITRANS 2 MAXTRANS 255 COMPUTE STATISTICS 
  STORAGE(INITIAL 65536 NEXT 1048576 MINEXTENTS 1 MAXEXTENTS 2147483645
  PCTINCREASE 0 FREELISTS 1 FREELIST GROUPS 1 BUFFER_POOL DEFAULT FLASH_CACHE DEFAULT CELL_FLASH_CACHE DEFAULT)
  TABLESPACE "USERS"  ENABLE;
 
  ALTER TABLE "HR"."PERSONNEL" MODIFY ("ID_PERSONNEL" NOT NULL ENABLE);
 
  ALTER TABLE "HR"."PERSONNEL" MODIFY ("PSEUDO" NOT NULL ENABLE);
 
  ALTER TABLE "HR"."PERSONNEL" MODIFY ("PASSWORD" NOT NULL ENABLE);
 
  ALTER TABLE "HR"."PERSONNEL" MODIFY ("TYPE_PERSONNEL" NOT NULL ENABLE);
--------------------------------------------------------
--  Constraints for Table REPAS
--------------------------------------------------------

  ALTER TABLE "HR"."REPAS" MODIFY ("ID_REPAS" NOT NULL ENABLE);
 
  ALTER TABLE "HR"."REPAS" MODIFY ("DATE_REPAS" NOT NULL ENABLE);
 
  ALTER TABLE "HR"."REPAS" ADD PRIMARY KEY ("ID_REPAS")
  USING INDEX PCTFREE 10 INITRANS 2 MAXTRANS 255 COMPUTE STATISTICS 
  STORAGE(INITIAL 65536 NEXT 1048576 MINEXTENTS 1 MAXEXTENTS 2147483645
  PCTINCREASE 0 FREELISTS 1 FREELIST GROUPS 1 BUFFER_POOL DEFAULT FLASH_CACHE DEFAULT CELL_FLASH_CACHE DEFAULT)
  TABLESPACE "USERS"  ENABLE;
--------------------------------------------------------
--  Constraints for Table ARTICLES_COMMANDES
--------------------------------------------------------

  ALTER TABLE "HR"."ARTICLES_COMMANDES" MODIFY ("ID_COMMANDE" NOT NULL ENABLE);
 
  ALTER TABLE "HR"."ARTICLES_COMMANDES" MODIFY ("ID_ARTICLE" NOT NULL ENABLE);
 
  ALTER TABLE "HR"."ARTICLES_COMMANDES" MODIFY ("QUANTITE_ENTREE" NOT NULL ENABLE);
 
  ALTER TABLE "HR"."ARTICLES_COMMANDES" ADD PRIMARY KEY ("ID_COMMANDE", "ID_ARTICLE")
  USING INDEX PCTFREE 10 INITRANS 2 MAXTRANS 255 COMPUTE STATISTICS 
  STORAGE(INITIAL 65536 NEXT 1048576 MINEXTENTS 1 MAXEXTENTS 2147483645
  PCTINCREASE 0 FREELISTS 1 FREELIST GROUPS 1 BUFFER_POOL DEFAULT FLASH_CACHE DEFAULT CELL_FLASH_CACHE DEFAULT)
  TABLESPACE "USERS"  ENABLE;
--------------------------------------------------------
--  Ref Constraints for Table ARTICLES_COMMANDES
--------------------------------------------------------

  ALTER TABLE "HR"."ARTICLES_COMMANDES" ADD FOREIGN KEY ("ID_COMMANDE")
	  REFERENCES "HR"."COMMANDE" ("ID_COMMANDE") ENABLE;
 
  ALTER TABLE "HR"."ARTICLES_COMMANDES" ADD FOREIGN KEY ("ID_ARTICLE")
	  REFERENCES "HR"."ARTICLE" ("ID_ARTICLE") ENABLE;
--------------------------------------------------------
--  Ref Constraints for Table COMMANDE
--------------------------------------------------------

  ALTER TABLE "HR"."COMMANDE" ADD CONSTRAINT "COMMANDE_FK1" FOREIGN KEY ("ID_FOURNISSEUR")
	  REFERENCES "HR"."FOURNISSEUR" ("ID_FOURNISSEUR") ENABLE;
--------------------------------------------------------
--  Ref Constraints for Table COMPOSITION
--------------------------------------------------------

  ALTER TABLE "HR"."COMPOSITION" ADD FOREIGN KEY ("ID_MENU")
	  REFERENCES "HR"."MENU" ("ID_MENU") ENABLE;
 
  ALTER TABLE "HR"."COMPOSITION" ADD FOREIGN KEY ("ID_PLAT")
	  REFERENCES "HR"."PLAT" ("ID_PLAT") ENABLE;
--------------------------------------------------------
--  Ref Constraints for Table LISTE_ARTICLES_DU_PLAT
--------------------------------------------------------

  ALTER TABLE "HR"."LISTE_ARTICLES_DU_PLAT" ADD FOREIGN KEY ("ID_PLAT")
	  REFERENCES "HR"."PLAT" ("ID_PLAT") ENABLE;
 
  ALTER TABLE "HR"."LISTE_ARTICLES_DU_PLAT" ADD FOREIGN KEY ("ID_ARTICLE")
	  REFERENCES "HR"."ARTICLE" ("ID_ARTICLE") ENABLE;
--------------------------------------------------------
--  Ref Constraints for Table REPAS
--------------------------------------------------------

  ALTER TABLE "HR"."REPAS" ADD FOREIGN KEY ("ID_MENU")
	  REFERENCES "HR"."MENU" ("ID_MENU") ENABLE;
